variable,Min.,1st Qu.,Median,Mean,3rd Qu.,Max.
EARNED_EXPOSURE,1e-04,0.0822,0.2138,0.241793055049074,0.4028,1.9996
ULTIMATE_CLAIM_COUNT,0,0,0,0.0108288101335312,0,5
ULTIMATE_AMOUNT,-21743.14,0,0,37.4363576385889,0,88494.011794
